{"loss": 0.05703045010566711, "accuracy": 0.99560000419616}
