{"loss": 0.07703045010566711, "accuracy": 0.975600004196167}
